last_name,first_name,id
Alcaraz,Carlos,207989
Altmaier,Daniel,127157
Arnaldi,Matteo,208286
Atmane,Terence,209279
Auger-Aliassime,Felix,200000
Baez,Sebastian,202104
Basilashvili,Nikoloz,105932
Bautista Agut,Roberto,105138
Bellucci,Mattia,208233
Bergs,Zizou,200267
Blanchet,Ugo,200259
Bonzi,Benjamin,126127
Borges,Nuno,132686
Brooksby,Jenson,202385
Bu,Yunchaokete,207352
Bublik,Alexander,122330
Carreno Busta,Pablo,105807
Cazaux,Arthur,209070
Cerundolo,Francisco,202103
Cerundolo,Juan Manuel,207678
Cilic,Marin,105227
Cobolli,Flavio,207925
Comesana,Francisco,207681
Darderi,Luciano,209260
Davidovich Fokina,Alejandro,200221
De Jong,Jesper,207411
De Minaur,Alex,200282
Dellien,Hugo,106198
Diallo,Gabriel,209113
Dimitrov,Grigor,105777
Djere,Laslo,111513
Djokovic,Novak,104925
Draper,Jack,207733
Duckworth,James,105902
Dzumhur,Damir,106000
Etcheverry,Tomas Martin,144869
Faria,Jaime,210262
Fearnley,Jacob,207985
Fils,Arthur,209950
Fonseca,Joao,211663
Fritz,Taylor,126203
Fucsovics,Marton,105916
Galan,Daniel Elahi,123755
Gasquet,Richard,104755
Gaston,Hugo,200384
Gigante,Matteo,209263
Giron,Marcos,106218
Gomez,Federico,666
Griekspoor,Tallon,134868
Halys,Quentin,111460
Hanfmann,Yannick,105870
Harris,Lloyd,144750
Hassan,Benjamin,133975
Herbert,Pierre-Hugues,105732
Hijikata,Rinky,208014
Humbert,Ugo,200005
Hurkacz,Hubert,128034
Jacquet,Kyrian,208021
Jarry,Nicolas,111797
Kecmanovic,Miomir,200175
Khachanov,Karen,111575
Kopriva,Vit,200240
Korda,Sebastian,200624
Kovacevic,Aleksandar,206499
Lajovic,Dusan,105583
Lehecka,Jiri,208103
Llamas Ruiz,Pablo,208010
Machac,Tomas,207830
Majchrzak,Kamil,111794
Marozsan,Fabian,206681
Marterer,Maximilian,109739
Martinez,Pedro,124079
Mcdonald,Mackenzie,111456
Medjedovic,Hamad,209098
Medvedev,Daniil,106421
Mensik,Jakub,210150
Michelsen,Alex,210506
Misolic,Filip,209209
Moller,Elmer,209284
Monfils,Gael,104792
Monteiro,Thiago,106329
Moutet,Corentin,144895
Mpetshi Perricard,Giovanni,208659
Muller,Alexandre,124186
Munar,Jaume,144719
Musetti,Lorenzo,207518
Nakashima,Brandon,206909
Nardi,Luca,208134
Nava,Emilio,207182
Navone,Mariano,208363
Nishioka,Yoshihito,106415
Norrie,Cameron,111815
O'Connell,Christopher,106331
Ofner,Sebastian,124116
Opelka,Reilly,124187
Passaro,Francesco,208859
Paul,Tommy,126205
Popyrin,Alexei,200615
Quinn,Ethan,210319
Ramos-Vinolas,Albert,105077
Rinderknech,Arthur,126239
Rocha,Henrique,210012
Royer,Valentin,208316
Rublev,Andrey,126094
Rune,Holger,208029
Ruud,Casper,134770
Safiullin,Roman,126128
Schoolkate,Tristan,209262
Shapovalov,Denis,133430
Shelton,Ben,210097
Shevchenko,Alexander,207686
Sinner,Jannik,206173
Sonego,Lorenzo,132283
Struff,Jan-Lennard,105526
Tabilo,Alejandro,126214
Tabur,Clement,202127
Thompson,Jordan,111442
Tiafoe,Frances,126207
Tien,Learner,210530
Tirante,Thiago Agustin,202058
Tsitsipas,Stefanos,126774
Ugo Carabelli,Camilo,200116
Van De Zandschulp,Botic,122298
Vukic,Aleksandar,126846
Walton,Adam,200443
Wawrinka,Stan,104527
Zeppieri,Giulio,206748
Zverev,Alexander,100644
